hdi_rank,country,hdi_1990,hdi_2000,hdi_2010,hdi_2015,hdi_2019,hdi_2020,hdi_2021,hdi_2022,rank_change_2015_2022,avg_growth_1990_2000,avg_growth_2000_2010,avg_growth_2010_2022,avg_growth_1990_2022,tier_hdi,iso3c
1,Switzerland,0.85,0.885,0.94,0.952,0.96,0.957,0.965,0.967,0,0.4043281648842712,0.604743537446506,0.23626717360962776,0.4038198701804996,Very High,CHE
2,Norway,0.8449999999999999,0.914,0.938,0.952,0.961,0.963,0.964,0.966,-1,0.7880281668532385,0.2595299729919676,0.2454163642090279,0.4190857398882697,Very High,NOR
3,Iceland,0.8339999999999999,0.895,0.927,0.948,0.958,0.955,0.957,0.959,0,0.7084005283893413,0.3519162491963934,0.2832128696866887,0.437383970323757,Very High,ISL
4,"Hong Kong, China (SAR)",0.739,0.8309999999999998,0.914,0.936,0.953,0.955,0.959,0.956,2,1.180229123889753,0.9565537745857443,0.3750962450434825,0.8078077768602254,Very High,HKG
5,Denmark,0.8389999999999999,0.89,0.913,0.936,0.946,0.946,0.947,0.952,1,0.5918521271812692,0.2554699484493605,0.34918451861627453,0.3956378644203173,Very High,DNK
5,Sweden,0.808,0.903,0.91,0.937,0.947,0.944,0.949,0.952,0,1.1178062333988104,0.07725028361293963,0.37671140779147455,0.5138248762838193,Very High,SWE
7,Germany,0.8279999999999998,0.89,0.929,0.941,0.951,0.948,0.948,0.95,-3,0.7246963895998437,0.4297937362351068,0.1864506516440212,0.430451386349473,Very High,DEU
7,Ireland,0.743,0.851,0.908,0.924,0.942,0.945,0.946,0.95,8,1.366412070253964,0.65042865970939,0.3775242174655524,0.7709753894876936,Very High,IRL
9,Singapore,0.78,0.863,0.921,0.935,0.945,0.942,0.942,0.949,-1,1.0163376962131432,0.6525734943204853,0.24988471232882947,0.61474081973671435,Very High,SGP
10,Australia,0.864,0.896,0.924,0.933,0.941,0.948,0.949,0.946,-1,0.3643385468768745,0.30819052015538245,0.19627985563623884,0.2837449218065835,Very High,AUS
10,Netherlands,0.847,0.892,0.917,0.932,0.941,0.938,0.941,0.946,1,0.5189965244531969,0.2767957708239788,0.25979602648626976,0.34604070069506054,Very High,NLD
12,Belgium,0.8139999999999998,0.884,0.913,0.924,0.936,0.93,0.938,0.942,3,0.8283791956293917,0.32330970160379113,0.26091808347108447,0.457433386186934,Very High,BEL
12,Finland,0.811,0.887,0.912,0.93,0.939,0.939,0.941,0.942,0,0.8997933013093373,0.27833671701431584,0.2700747507206058,0.46902531042225526,Very High,FIN
12,Liechtenstein,NA,0.871,0.916,0.926,0.94,0.933,0.936,0.942,2,NA,0.505014800859338,0.23351313407635743,NA,Very High,LIE
15,United Kingdom,0.804,0.863,0.913,0.923,0.933,0.92,0.931,0.94,3,0.7106675603090196,0.5648009150919231,0.2431617821232468,0.48957139773733166,Very High,GBR
16,New Zealand,0.812,0.894,0.924,0.933,0.937,0.935,0.936,0.939,-7,0.9666969692105677,0.3306082722727144,0.13428514492019872,0.4551424506325841,Very High,NZL
17,United Arab Emirates,0.717,0.79,0.8279999999999998,0.86,0.933,0.93,0.931,0.937,19,0.9742866166451148,0.4709073894872296,1.0359132100248305,0.8397797878233914,Very High,ARE
18,Canada,0.861,0.89,0.911,0.927,0.932,0.928,0.934,0.935,-5,0.33181888705922086,0.2334865015200416,0.21693189106242183,0.2579948129975973,Very High,CAN
19,Korea (Republic of),0.731,0.8239999999999998,0.89,0.908,0.922,0.922,0.926,0.929,3,1.2047702908760671,0.7734853899920012,0.358033381151901,0.7518601273504899,Very High,KOR
20,Luxembourg,0.793,0.864,0.912,0.914,0.925,0.921,0.927,0.927,-1,0.8611824952636349,0.542136482688238,0.13603891152160763,0.4890995307370583,Very High,LUX
20,United States,0.875,0.894,0.916,0.924,0.933,0.923,0.921,0.927,-5,0.2150497892426495,0.24340163699394515,0.09952616855160024,0.1805680756945538,Very High,USA
22,Austria,0.8229999999999998,0.87,0.903,0.91,0.92,0.916,0.92,0.926,-1,0.5569151484128954,0.37298729044146217,0.20981715235308676,0.36917362948143406,Very High,AUT
22,Slovenia,NA,0.8229999999999998,0.89,0.903,0.918,0.91,0.916,0.926,1,NA,0.7857233519387385,0.3309863200395391,NA,Very High,SVN
24,Japan,0.8459999999999999,0.883,0.903,0.913,0.918,0.917,0.92,0.92,-4,0.4289758886368622,0.2242245361989914,0.15554682064986558,0.26238835738745525,Very High,JPN
25,Israel,0.781,0.8349999999999999,0.887,0.899,0.909,0.906,0.911,0.915,-1,0.6708056398523787,0.6059611358825157,0.2593280329854064,0.49606671765196614,Very High,ISR
25,Malta,0.726,0.779,0.862,0.887,0.905,0.901,0.912,0.915,3,0.7070985295572152,1.0175847848762576,0.4984782445358382,0.7256641815571285,Very High,MLT
27,Spain,0.762,0.8279999999999998,0.868,0.889,0.904,0.894,0.904,0.911,0,0.8341255895083277,0.4729002632722912,0.4037393619223728,0.5596739226881642,Very High,ESP
28,France,0.79,0.8439999999999999,0.88,0.893,0.905,0.9,0.906,0.91,-3,0.6633862143969216,0.4185676865319898,0.27974632881242467,0.4428892873233004,Very High,FRA
29,Cyprus,0.733,0.797,0.859,0.874,0.901,0.9,0.901,0.907,3,0.840603162018061,0.7519555241586316,0.45414084241739433,0.667834976902304,Very High,CYP
30,Italy,0.78,0.8419999999999999,0.88,0.881,0.899,0.892,0.899,0.906,0,0.767793478749712,0.44239462076449687,0.24293960928694067,0.4690509485459238,Very High,ITA
31,Estonia,0.741,0.798,0.864,0.883,0.893,0.891,0.89,0.899,-2,0.743832513231002,0.7978073704614673,0.3314670215578408,0.6058353323178389,Very High,EST
32,Czechia,0.748,0.81,0.872,0.891,0.896,0.891,0.891,0.895,-6,0.7994916991399981,0.7402783747064268,0.21718796516903005,0.5622646206586479,Very High,CZE
33,Greece,0.762,0.8179999999999998,0.874,0.881,0.89,0.887,0.887,0.893,-3,0.7116782876865679,0.6643776521435996,0.17937906895661992,0.4969809525998681,Very High,GRC
34,Bahrain,0.733,0.775,0.807,0.859,0.888,0.884,0.884,0.888,3,0.5587283718106795,0.4054260258781417,0.8002523273454409,0.6012567138136804,Very High,BHR
35,Andorra,NA,0.8149999999999998,0.863,0.856,0.865,0.8429999999999999,0.855,0.884,3,NA,0.573906347009312,0.20055393720901368,NA,Very High,AND
36,Poland,0.715,0.794,0.8449999999999999,0.869,0.88,0.874,0.876,0.881,-2,1.0535200363789965,0.6244734167023536,0.34828007869158734,0.6545550443447956,Very High,POL
37,Latvia,0.732,0.761,0.8269999999999998,0.853,0.873,0.873,0.865,0.879,2,0.3892841891944832,0.8351817161763363,0.5094617207964003,0.5735271043538104,Very High,LVA
37,Lithuania,0.74,0.769,0.8459999999999999,0.865,0.886,0.88,0.875,0.879,-2,0.3851476276239163,0.958851708211883,0.3193884454652851,0.5393703659616556,Very High,LTU
39,Croatia,NA,0.764,0.8239999999999998,0.8439999999999999,0.866,0.86,0.867,0.878,6,NA,0.7588925104034193,0.5303686992664812,NA,Very High,HRV
40,Qatar,0.764,0.793,0.8289999999999998,0.852,0.869,0.863,0.864,0.875,0,0.3732491709327768,0.4449563389810285,0.4510452542204391,0.42482513813044687,Very High,QAT
40,Saudi Arabia,0.699,0.746,0.805,0.8419999999999999,0.862,0.861,0.867,0.875,6,0.6528705486665176,0.7640710104457327,0.6972664021925867,0.7042593997358848,Very High,SAU
42,Portugal,0.703,0.793,0.8309999999999998,0.85,0.864,0.861,0.865,0.874,0,1.2119485915791597,0.46916287096328,0.42130651770799776,0.6827057701928929,Very High,PRT
43,San Marino,0.8409999999999999,0.875,0.901,0.872,0.861,0.8439999999999999,0.853,0.867,-10,0.3971086590740303,0.29324283059504186,-0.3200391197440422,0.0951931449646448,Very High,SMR
44,Chile,0.705,0.763,0.8129999999999998,0.8459999999999999,0.859,0.849,0.856,0.86,0,0.7937357970147385,0.6367494672764762,0.4694424421615606,0.6229780691581643,Very High,CHL
45,Slovakia,NA,0.761,0.8409999999999999,0.852,0.863,0.86,0.852,0.855,-5,NA,1.004595539700026,0.1376764284619636,NA,Very High,SVK
45,Türkiye,0.598,0.669,0.75,0.8209999999999998,0.8419999999999999,0.8349999999999999,0.8409999999999999,0.855,9,1.1282503338347016,1.149447420531069,1.0978851950173452,1.1234852046300592,Very High,TUR
47,Hungary,0.7209999999999999,0.773,0.8289999999999998,0.8389999999999999,0.854,0.849,0.8459999999999999,0.851,0,0.6988296103593861,0.7018626569057052,0.21850481992211623,0.5193847481602454,Very High,HUN
48,Argentina,0.724,0.78,0.8339999999999999,0.85,0.853,0.8409999999999999,0.8439999999999999,0.849,-6,0.7478074913843225,0.6716402814445299,0.14865858709580682,0.4989524988972871,Very High,ARG
49,Kuwait,0.698,0.78,0.811,0.8289999999999998,0.8379999999999999,0.8259999999999998,0.8359999999999999,0.847,0,1.1169398802265418,0.3905018235414559,0.36259446009292423,0.6064615512461735,Very High,KWT
50,Montenegro,NA,NA,0.806,0.8269999999999998,0.8409999999999999,0.8319999999999999,0.84,0.8439999999999999,1,NA,NA,0.3846441314551363,NA,Very High,MNE
51,Saint Kitts and Nevis,NA,NA,0.79,0.8289999999999998,0.8379999999999999,0.8319999999999999,0.8319999999999999,0.8379999999999999,-2,NA,NA,0.4927530127418312,NA,Very High,KNA
52,Uruguay,0.702,0.754,0.785,0.807,0.8179999999999998,0.82,0.8139999999999998,0.83,8,0.7171489240829665,0.40372628542164607,0.4655970755429229,0.5247856285203412,Very High,URY
53,Romania,0.709,0.7209999999999999,0.8129999999999998,0.8129999999999998,0.8339999999999999,0.8279999999999998,0.8249999999999998,0.8269999999999998,3,0.1679770311523887,1.208159716674162,0.1423811448067358,0.4822502530493989,Very High,ROU
54,Antigua and Barbuda,NA,NA,0.808,0.8179999999999998,0.8309999999999998,0.82,0.8189999999999998,0.8259999999999998,1,NA,NA,0.18377461727885347,NA,Very High,ATG
55,Brunei Darussalam,0.779,0.789,0.8249999999999998,0.8319999999999999,0.8269999999999998,0.8269999999999998,0.8239999999999998,0.8229999999999998,-7,0.1276341328695585,0.44716747811401886,-0.020224501718624225,0.171851103822096,Very High,BRN
56,Russian Federation,0.741,0.733,0.797,0.8229999999999998,0.8389999999999999,0.8259999999999998,0.8179999999999998,0.8209999999999998,-3,-0.10849034072459852,0.840603162018061,0.24754280469645448,0.3208965370973704,Very High,RUS
57,Bahamas,0.76,0.788,0.8,0.807,0.802,0.798,0.799,0.82,3,0.36245183956442606,0.15125064668428667,0.20598362698427408,0.23773810925213912,Very High,BHS
57,Panama,0.672,0.722,0.775,0.802,0.82,0.809,0.8129999999999998,0.82,5,0.720249391989536,0.7108938428912026,0.47145211237380474,0.6239573030992761,Very High,PAN
59,Oman,NA,0.702,0.798,0.8239999999999998,0.8409999999999999,0.8229999999999998,0.81,0.8189999999999998,-7,NA,1.2900015833435583,0.216696835652197,NA,Very High,OMN
60,Georgia,NA,0.694,0.763,0.798,0.8159999999999998,0.807,0.809,0.8139999999999998,4,NA,0.9523671343452113,0.5406423471019606,NA,Very High,GEO
60,Trinidad and Tobago,0.656,0.708,0.785,0.812,0.8129999999999998,0.8149999999999998,0.804,0.8139999999999998,-3,0.765750031309409,1.0377438378311066,0.3027628054167675,0.6766526977530553,Very High,TTO
62,Barbados,0.728,0.76,0.792,0.798,0.806,0.803,0.803,0.809,2,0.4311004266992269,0.41328124658661647,0.17713607796250308,0.33022488518150706,Very High,BRB
63,Malaysia,0.649,0.726,0.768,0.792,0.805,0.802,0.798,0.807,6,1.1274816805754373,0.563981605042585,0.41363591429783847,0.6832326810490841,Very High,MYS
64,Costa Rica,0.659,0.709,0.769,0.792,0.811,0.811,0.804,0.806,5,0.7340005952107375,0.8156629813196092,0.3923742215987458,0.6312345910532091,Very High,CRI
65,Serbia,NA,0.689,0.768,0.794,0.812,0.806,0.804,0.805,3,NA,1.091397380319381,0.3928742711521105,NA,Very High,SRB
66,Thailand,0.581,0.663,0.743,0.789,0.801,0.8,0.797,0.803,6,1.328996013275341,1.1457242601273565,0.6492541531873286,1.0163929035998276,Very High,THA
67,Kazakhstan,0.672,0.68,0.766,0.799,0.81,0.806,0.801,0.802,-4,0.11841463129655948,1.1980130882324191,0.38345362713358977,0.5541870519093273,Very High,KAZ
67,Seychelles,NA,0.755,0.774,0.797,0.808,0.799,0.795,0.802,-1,NA,0.24885036319906015,0.29657837835341816,NA,Very High,SYC
69,Belarus,NA,0.708,0.79,0.809,0.81,0.8,0.801,0.801,-11,NA,1.1019153716357089,0.11529976585831214,NA,Very High,BLR
70,Bulgaria,0.698,0.723,0.79,0.809,0.8129999999999998,0.802,0.796,0.799,-12,0.35252109314640734,0.890175942026028,0.09444457336964528,0.4232112796348941,High,BGR
71,Palau,NA,0.747,0.775,0.782,0.792,0.794,0.802,0.797,3,NA,0.36865631409404015,0.23353601684403813,NA,High,PLW
72,Mauritius,0.62,0.682,0.755,0.791,0.806,0.792,0.79,0.796,-1,0.9576582776887,1.0220687177062482,0.4416510544913432,0.7839308599252303,High,MUS
73,Grenada,NA,NA,0.779,0.786,0.79,0.786,0.788,0.793,0,NA,NA,0.14854501700818368,NA,High,GRD
74,Albania,0.649,0.678,0.766,0.797,0.8,0.784,0.785,0.789,-8,0.43810258803782526,1.2278254569269675,0.24683873896131917,0.6122843572254011,High,ALB
75,China,0.482,0.586,0.698,0.741,0.775,0.781,0.785,0.788,18,1.9729674889325644,1.7643775768156011,1.0157826248804236,1.5479649285030872,High,CHN
76,Armenia,0.658,0.656,0.739,0.769,0.789,0.769,0.774,0.786,2,-0.03043679088098328,1.1984964154858169,0.515146268019806,0.5570201864343982,High,ARM
77,Mexico,0.666,0.709,0.747,0.769,0.781,0.757,0.757,0.781,1,0.6276198913645059,0.5234618852586248,0.37160511862843754,0.49900804146039146,High,MEX
78,Iran (Islamic Republic of),0.613,0.692,0.756,0.782,0.785,0.779,0.776,0.78,-4,1.219587242919884,0.8884779470054837,0.2607772965430133,0.7557445160309982,High,IRN
78,Sri Lanka,0.641,0.689,0.735,0.76,0.775,0.777,0.783,0.78,6,0.7247317011872311,0.6483852570432269,0.4964232882311404,0.615211143928418,High,LKA
80,Bosnia and Herzegovina,NA,0.656,0.718,0.757,0.78,0.776,0.776,0.779,7,NA,0.9071779421735203,0.6818262298916132,NA,High,BIH
81,Saint Vincent and the Grenadines,NA,0.691,0.756,0.777,0.789,0.785,0.773,0.772,-5,NA,0.9030688061210768,0.1746788347552819,NA,High,VCT
82,Dominican Republic,0.579,0.646,0.707,0.739,0.765,0.76,0.756,0.766,12,1.1009870019213608,0.9063947239786208,0.6701648204576527,0.8784600494666561,High,DOM
83,Ecuador,0.645,0.684,0.736,0.764,0.758,0.734,0.746,0.765,-1,0.5888026767636223,0.7354129872338743,0.32256675631319176,0.5346288071369497,High,ECU
83,North Macedonia,NA,0.676,0.746,0.777,0.787,0.766,0.764,0.765,-7,NA,0.9901955537619187,0.20980506365593232,NA,High,MKD
85,Cuba,0.684,0.694,0.779,0.765,0.766,0.759,0.742,0.764,-4,0.1452458085396513,1.1620912742465794,-0.16189594609842262,0.34625392730267546,High,CUB
86,Moldova (Republic of),0.688,0.655,0.716,0.749,0.773,0.765,0.767,0.763,5,-0.4903299615560908,0.8944256066808266,0.5312215405229193,0.323864540850205,High,MDA
87,Maldives,NA,0.635,0.692,0.728,0.753,0.737,0.753,0.762,13,NA,0.8633148195818174,0.8062377329369541,NA,High,MDV
87,Peru,0.62,0.675,0.725,0.758,0.774,0.758,0.755,0.762,-2,0.8535543061931161,0.7171489240829665,0.41565228812940885,0.6465407268765766,High,PER
89,Azerbaijan,NA,0.635,0.733,0.751,0.762,0.722,0.738,0.76,1,NA,1.4455555744448787,0.30189421377844194,NA,High,AZE
89,Brazil,0.62,0.668,0.722,0.752,0.764,0.758,0.756,0.76,0,0.7484741236932102,0.7803990161472152,0.4283589652942732,0.6382750841550378,High,BRA
91,Colombia,0.614,0.672,0.732,0.758,0.768,0.756,0.752,0.758,-6,0.906720150270468,0.8588892029972816,0.2912806641461429,0.6605736565931108,High,COL
92,Libya,0.724,0.746,0.774,0.749,0.756,0.737,0.746,0.746,-1,0.2997905539598777,0.3691423922971948,-0.3065813548255636,0.09358816585065544,High,LBY
93,Algeria,0.593,0.652,0.7209999999999999,0.736,0.742,0.73,0.74,0.745,5,0.9530141618572684,1.0110223963566425,0.2732483203356173,0.7156417493012768,High,DZA
94,Turkmenistan,NA,NA,0.699,0.725,0.732,0.731,0.74,0.744,7,NA,NA,0.5212730297936119,NA,High,TKM
95,Guyana,0.496,0.57,0.65,0.686,0.711,0.727,0.7209999999999999,0.742,27,1.4003182181747895,1.32202247485802,1.109247701385696,1.2666211608146627,High,GUY
96,Mongolia,0.579,0.595,0.7,0.739,0.749,0.74,0.73,0.741,-2,0.272961142112349,1.6384673297434205,0.47546250496042214,0.7739110414328954,High,MNG
97,Dominica,NA,0.7209999999999999,0.735,0.719,0.745,0.738,0.737,0.74,8,NA,0.1924986605204904,0.05651335432712568,NA,High,DMA
98,Tonga,0.64,0.679,0.709,0.723,0.74,0.742,0.738,0.739,5,0.5932825026489841,0.4332799447238856,0.34595031835567003,0.45047957412793765,High,TON
99,Jordan,0.622,0.681,0.727,0.738,0.744,0.74,0.736,0.736,-3,0.910340758780026,0.6557826133525957,0.10258292361984278,0.5272916459852395,High,JOR
100,Ukraine,0.731,0.698,0.766,0.764,0.774,0.762,0.755,0.734,-18,-0.4608782515863719,0.9339651568551544,-0.3549779675974807,0.012799471764801671,High,UKR
101,Tunisia,0.566,0.651,0.713,0.724,0.74,0.734,0.729,0.732,1,1.4089896333440377,0.913868290696751,0.21939944201125883,0.8069460113108828,High,TUN
102,Marshall Islands,NA,NA,NA,0.688,0.722,0.727,0.729,0.731,17,NA,NA,NA,NA,High,MHL
102,Paraguay,0.604,0.656,0.7,0.738,0.746,0.742,0.73,0.731,-6,0.8292855901080198,0.6513073022451188,0.361762157967771,0.5981545354968532,High,PRY
104,Fiji,0.63,0.669,0.699,0.716,0.73,0.722,0.715,0.729,2,0.6024498809398926,0.43963037236673935,0.35080546856016687,0.45714772347871246,High,FJI
105,Egypt,0.567,0.629,0.667,0.695,0.724,0.729,0.726,0.728,11,1.0431225119329255,0.5883116878052208,0.7319239167418167,0.7841262444528762,High,EGY
106,Uzbekistan,NA,0.603,0.675,0.701,0.725,0.716,0.7209999999999999,0.727,6,NA,1.1343403387542803,0.620364561678155,NA,High,UZB
107,Viet Nam,0.492,0.599,0.676,0.697,0.717,0.726,0.718,0.726,7,1.98731819678426,1.2166565556655184,0.596412656655998,1.22326928419636,High,VNM
108,Saint Lucia,0.666,0.692,0.731,0.736,0.733,0.724,0.717,0.725,-10,0.38369709048742257,0.5497808196034626,-0.06865812697329776,0.2656083165101908,High,LCA
109,Lebanon,NA,NA,0.749,0.756,0.76,0.742,0.725,0.723,-21,NA,NA,-0.2939817029922631,NA,High,LBN
110,South Africa,0.635,0.633,0.675,0.7209999999999999,0.741,0.722,0.7209999999999999,0.717,-6,-0.0315407923310862,0.6444906478066725,0.5042935488165812,0.38025502220304647,High,ZAF
111,"Palestine, State of",NA,NA,0.688,0.71,0.739,0.715,0.715,0.716,-2,NA,NA,0.33298089568780664,NA,High,PSE
112,Indonesia,0.526,0.597,0.667,0.698,0.718,0.712,0.707,0.713,1,1.274208737953875,1.1148985075766673,0.5573086730793929,0.955095349584001,High,IDN
113,Philippines,0.598,0.635,0.673,0.696,0.714,0.705,0.692,0.71,2,0.6021481162899356,0.5828955708520267,0.4469930501190378,0.5379235664406012,High,PHL
114,Botswana,0.587,0.581,0.652,0.688,0.703,0.701,0.68,0.708,5,-0.10268786964706678,1.1596099979767072,0.6890256988545618,0.5874037201193394,High,BWA
115,Jamaica,0.664,0.657,0.711,0.712,0.712,0.707,0.704,0.706,-7,-0.10592516956248188,0.7930119276938985,-0.058792646263350345,0.19184969654504336,High,JAM
116,Samoa,NA,0.672,0.704,0.71,0.712,0.712,0.708,0.702,-7,NA,0.4662838921381196,-0.02370512432655625,NA,High,WSM
117,Kyrgyzstan,0.637,0.617,0.661,0.689,0.699,0.691,0.696,0.701,1,-0.3184980321476072,0.6912261755678051,0.49081764280396456,0.2996299692488158,High,KGZ
118,Belize,0.609,0.657,0.72,0.714,0.718,0.705,0.698,0.7,-11,0.7615426052052897,0.9198770358956222,-0.23448196858936177,0.4361423045461832,High,BLZ
119,Venezuela (Bolivarian Republic of),0.657,0.699,0.759,0.766,0.72,0.691,0.69,0.699,-39,0.6215911468103963,0.8269105252996177,-0.6839092491771837,0.193833626688944,Medium,VEN
120,Bolivia (Plurinational State of),0.546,0.625,0.661,0.688,0.715,0.691,0.691,0.698,-1,1.3604984262903352,0.5615929551814114,0.4549087735602031,0.7704532307289734,Medium,BOL
120,Morocco,0.448,0.525,0.604,0.656,0.684,0.683,0.688,0.698,5,1.5986948406987225,1.411630067148173,1.212668118638649,1.3953512490933573,Medium,MAR
122,Nauru,NA,NA,0.559,0.642,0.68,0.689,0.693,0.696,9,NA,NA,1.8434538607223103,NA,Medium,NRU
123,Gabon,0.599,0.626,0.656,0.692,0.702,0.704,0.687,0.693,-6,0.44186106971777495,0.469201497580074,0.4582903715343312,0.45656535138414167,Medium,GAB
124,Suriname,NA,NA,0.696,0.707,0.71,0.702,0.689,0.69,-13,NA,NA,-0.0721245006283122,NA,Medium,SUR
125,Bhutan,NA,NA,0.582,0.625,0.668,0.675,0.677,0.681,10,NA,NA,1.3177050323580852,NA,Medium,BTN
126,Tajikistan,0.616,0.548,0.631,0.651,0.668,0.656,0.677,0.679,2,-1.162902175641234,1.4202974836064586,0.6128307124589449,0.3047577075294461,Medium,TJK
127,El Salvador,0.519,0.609,0.657,0.663,0.676,0.666,0.669,0.674,-4,1.6119985811261062,0.7615426052052897,0.21311086265469736,0.8199880982684871,Medium,SLV
128,Iraq,0.497,0.583,0.629,0.656,0.678,0.661,0.667,0.673,-3,1.6087752528402888,0.7623317684173124,0.5650409763839237,0.9518619859257836,Medium,IRQ
129,Bangladesh,0.399,0.491,0.558,0.604,0.646,0.657,0.662,0.67,12,2.096501287747832,1.2873644429705513,1.5359999750507167,1.6329272984297647,Medium,BGD
130,Nicaragua,0.487,0.563,0.611,0.644,0.661,0.652,0.665,0.669,0,1.46072081044486,0.8215294950393971,0.758588656174619,0.9971889242505805,Medium,NIC
131,Cabo Verde,NA,0.59,0.649,0.658,0.667,0.649,0.65,0.661,-7,NA,0.9576582776887,0.1527926354121023,NA,Medium,CPV
132,Tuvalu,0.564,0.599,0.623,0.656,0.654,0.655,0.653,0.653,-7,0.6038895714004067,0.3936218706862338,0.39269077170231986,0.458933883628232,Medium,TUV
133,Equatorial Guinea,NA,0.511,0.609,0.648,0.653,0.65,0.647,0.65,-4,NA,1.76996830219871,0.5444274422669038,NA,Medium,GNQ
134,India,0.434,0.49,0.572,0.619,0.638,0.638,0.633,0.644,4,1.2210026804259977,1.5593692309908702,0.9928946010408833,1.2409307857338847,Medium,IND
135,Micronesia (Federated States of),NA,0.637,0.644,0.642,0.64,0.636,0.634,0.634,-4,NA,0.10935044937616656,-0.13032976079573322,NA,Medium,FSM
136,Guatemala,0.49,0.551,0.613,0.629,0.645,0.638,0.63,0.629,-3,1.1802042754551323,1.0720065201626603,0.21495002675648853,0.7834463353835641,Medium,GTM
137,Kiribati,NA,0.547,0.584,0.625,0.636,0.629,0.627,0.628,-2,NA,0.6566684789518497,0.6071623337070564,NA,Medium,KIR
138,Honduras,0.513,0.553,0.596,0.61,0.629,0.621,0.62,0.624,1,0.7536472962600183,0.7516373736517811,0.3833136188996056,0.6139850935361402,Medium,HND
139,Lao People's Democratic Republic,0.408,0.473,0.557,0.604,0.617,0.616,0.615,0.62,2,1.4892627728366523,1.6481328141207507,0.8969506938198979,1.3162507575441795,Medium,LAO
140,Vanuatu,NA,NA,0.578,0.592,0.614,0.612,0.614,0.614,4,NA,NA,0.5047785648435221,NA,Medium,VUT
141,Sao Tome and Principe,0.48,0.498,0.553,0.595,0.608,0.609,0.609,0.613,2,0.36881819784861936,1.0530855672486128,0.8620858609001082,0.7672371458525838,Medium,STP
142,Eswatini (Kingdom of),0.546,0.465,0.498,0.577,0.623,0.622,0.612,0.61,5,-1.5929912188527795,0.6879825152527497,1.7048603196896828,0.34697551315638897,Medium,SWZ
142,Namibia,0.595,0.549,0.584,0.627,0.638,0.634,0.616,0.61,-8,-0.801401160973969,0.6199391306324742,0.3636427010330178,0.07783512464190068,Medium,NAM
144,Myanmar,0.333,0.407,0.506,0.557,0.608,0.615,0.599,0.608,10,2.026976676232884,2.201109550846958,1.542087771059042,1.8991601445746964,Medium,MMR
145,Ghana,0.445,0.5,0.571,0.586,0.599,0.601,0.6,0.602,1,1.1721546804863925,1.3366656712912262,0.4415405608467093,0.9487951767583882,Medium,GHA
146,Kenya,0.48,0.487,0.545,0.575,0.604,0.599,0.596,0.601,2,0.1448850489242259,1.1315710902236154,0.8184069547177318,0.7050011098231446,Medium,KEN
146,Nepal,0.395,0.461,0.543,0.568,0.598,0.593,0.591,0.601,3,1.5571215217686565,1.6505868888929909,0.8492997139462942,1.3202302404053068,Medium,NPL
148,Cambodia,0.379,0.431,0.542,0.564,0.596,0.596,0.596,0.6,2,1.294019752293818,2.3180375059844494,0.8507959855579948,1.4459588230830267,Medium,KHM
149,Congo,0.541,0.509,0.581,0.61,0.596,0.598,0.598,0.593,-10,-0.6078576474679243,1.3318181357135028,0.1705088859186077,0.2872089072330386,Medium,COG
150,Angola,NA,0.38,0.516,0.591,0.597,0.594,0.59,0.591,-5,NA,3.106634310921219,1.1373293995052602,NA,Medium,AGO
151,Cameroon,0.44,0.426,0.515,0.562,0.586,0.585,0.581,0.587,1,-0.3228315810389071,1.915388183950561,1.096450093409218,0.9048507864410915,Medium,CMR
152,Comoros,NA,0.458,0.524,0.556,0.584,0.588,0.585,0.586,3,NA,1.3553274112877656,0.9362565931617661,NA,Medium,COM
153,Zambia,0.417,0.418,0.528,0.563,0.574,0.569,0.565,0.569,-2,0.02395497600580221,2.3636502037103657,0.6251471927848584,0.9759636770655168,Medium,ZMB
154,Papua New Guinea,0.394,0.456,0.497,0.54,0.562,0.567,0.564,0.568,5,1.472149940597145,0.864689191033441,1.1189758255839566,1.1495904236233478,Medium,PNG
155,Timor-Leste,NA,0.495,0.639,0.621,0.627,0.633,0.574,0.566,-18,NA,2.5863471500188417,-1.0058271824398002,NA,Medium,TLS
156,Solomon Islands,NA,0.488,0.553,0.562,0.568,0.566,0.564,0.562,-4,NA,1.258276469549524,0.13462260474526033,NA,Medium,SLB
157,Syrian Arab Republic,0.563,0.587,0.661,0.552,0.564,0.561,0.558,0.557,-1,0.4183244611270176,1.1943664678806476,-1.4164443474600774,-0.03347685841262882,Medium,SYR
158,Haiti,0.441,0.485,0.449,0.549,0.559,0.557,0.551,0.552,-1,0.9555769125109136,-0.76829345334549215,1.7359382612777807,0.7040391934546086,Medium,HTI
159,Uganda,0.329,0.392,0.5,0.525,0.544,0.545,0.545,0.55,2,1.7674791564427528,2.4633129275964283,0.7974140428903763,1.6187766352456778,Medium,UGA
159,Zimbabwe,0.479,0.426,0.481,0.544,0.56,0.554,0.549,0.55,-1,-1.1657642050747707,1.2216815399018532,1.1233545026179792,0.43286441575767215,Medium,ZWE
161,Nigeria,NA,NA,0.488,0.52,0.537,0.539,0.542,0.548,2,NA,NA,0.9710164091637273,NA,Low,NGA
161,Rwanda,0.32,0.328,0.485,0.509,0.531,0.535,0.539,0.548,5,0.24723123954539797,3.988853367999456,1.0229163496562554,1.6953172837291364,Low,RWA
163,Togo,0.399,0.436,0.469,0.51,0.536,0.54,0.545,0.547,2,0.8907520584252594,0.7322733550122251,1.2903037813906335,0.9907740658169794,Low,TGO
164,Mauritania,0.397,0.461,0.508,0.536,0.552,0.539,0.538,0.54,-4,1.5058428874929142,0.9755619271152538,0.5103620326226688,0.9659885225645981,Low,MRT
164,Pakistan,0.394,0.434,0.496,0.525,0.537,0.536,0.537,0.54,-3,0.9716261805945868,1.3442690579665628,0.7107909859071837,0.98992462566323,Low,PAK
166,Côte d'Ivoire,0.425,0.454,0.47,0.501,0.529,0.53,0.53,0.534,4,0.6622636223926559,0.3469554685313403,1.0695386423965614,0.7160095214915341,Low,CIV
167,Tanzania (United Republic of),0.366,0.396,0.493,0.507,0.533,0.535,0.529,0.532,2,0.7909201570931002,2.2151271790425526,0.6364695413721755,1.1756386792496132,Low,TZA
168,Lesotho,0.479,0.456,0.47,0.508,0.528,0.53,0.522,0.521,0,-0.49086915919739355,0.3028565384553428,0.86217338094845,0.26299975273356146,Low,LSO
169,Senegal,0.371,0.388,0.47,0.501,0.514,0.514,0.512,0.517,1,0.44903793757322674,1.9357712683131023,0.7974140428903763,1.0423980428832855,Low,SEN
170,Sudan,0.322,0.42,0.489,0.514,0.521,0.518,0.516,0.516,-6,2.6926454672287825,1.532705048521943,0.44887339873245213,1.48452122550089,Low,SDN
171,Djibouti,NA,0.33,0.422,0.473,0.508,0.512,0.512,0.515,4,NA,2.4896124965137822,1.6735290865942607,NA,Low,DJI
172,Malawi,0.299,0.378,0.461,0.498,0.514,0.512,0.509,0.508,1,2.3722058187467527,2.0048713753569647,0.8123098494379644,1.6701621911682896,Low,MWI
173,Benin,0.35,0.412,0.481,0.509,0.506,0.501,0.502,0.504,-7,1.6442737492393444,1.560489645018559,0.39000017887391714,1.14602687305434,Low,BEN
174,Gambia,0.323,0.392,0.449,0.467,0.492,0.492,0.49,0.495,5,1.9549590322626156,1.3668678561888026,0.816102733968682,1.34301804336161,Low,GMB
175,Eritrea,NA,NA,0.458,0.473,0.487,0.49,0.49,0.493,0,NA,NA,0.6155533736720065,NA,Low,ERI
176,Ethiopia,NA,0.286,0.409,0.455,0.485,0.489,0.489,0.492,5,NA,3.641986260612784,1.551610731088493,NA,Low,ETH
177,Liberia,NA,0.434,0.46,0.472,0.485,0.483,0.484,0.487,0,NA,0.5835154111413221,0.47644502035075753,NA,Low,LBR
177,Madagascar,NA,0.438,0.488,0.499,0.498,0.486,0.484,0.487,-5,NA,1.086828489473768,-0.01709256214309507,NA,Low,MDG
179,Guinea-Bissau,NA,NA,0.441,0.47,0.488,0.482,0.482,0.483,-1,NA,NA,0.7609789910143494,NA,Low,GNB
180,Congo (Democratic Republic of the),0.377,0.376,0.424,0.457,0.476,0.477,0.475,0.481,0,-0.026556913608410948,1.2086894373095625,1.0566587452225384,0.7642244099122841,Low,COD
181,Guinea,0.27,0.345,0.415,0.449,0.47,0.471,0.467,0.471,2,2.4815140714989026,1.864509936218228,1.060412723799509,1.7540691538822983,Low,GIN
182,Afghanistan,0.284,0.34,0.449,0.479,0.492,0.488,0.473,0.462,-8,1.8160062355424775,2.8197970719685106,0.2381331154045263,1.5322156705938506,Low,AFG
183,Mozambique,0.239,0.303,0.407,0.445,0.465,0.467,0.459,0.461,1,2.4010648365605736,2.9947714151468574,1.0436152161291457,2.074137636095119,Low,MOZ
184,Sierra Leone,0.314,0.319,0.416,0.438,0.457,0.453,0.456,0.458,1,0.15810602475532232,2.6904991285796376,0.8047535718095356,1.1865979927588644,Low,SLE
185,Burkina Faso,NA,0.296,0.372,0.413,0.446,0.446,0.445,0.438,2,NA,2.3116580587233093,1.370346476736528,NA,Low,BFA
186,Yemen,0.357,0.434,0.496,0.455,0.43,0.43,0.425,0.424,-5,1.9722850554287463,1.3442690579665628,-1.2985161734237916,0.5389398132048305,Low,YEM
187,Burundi,0.285,0.298,0.404,0.42,0.423,0.419,0.419,0.42,-1,0.44703931512299894,3.0899929924959046,0.3241896392681465,1.2191389297972144,Low,BDI
188,Mali,0.236,0.315,0.406,0.409,0.421,0.407,0.408,0.41,0,2.929498097007044,2.570281631593008,0.08173338434667164,1.7409984738320006,Low,MLI
189,Chad,NA,0.292,0.364,0.388,0.398,0.396,0.393,0.394,0,NA,2.2284681722140487,0.6621579834495073,NA,Low,TCD
189,Niger,0.212,0.26,0.336,0.367,0.39,0.391,0.389,0.394,2,2.061923439518676,2.5974561821347386,1.3358416036449716,1.9556414369577448,Low,NER
191,Central African Republic,0.333,0.319,0.357,0.367,0.391,0.389,0.387,0.387,0,-0.42859278033562376,1.1318037680851487,0.6746733290905027,0.47073638341343926,Low,CAF
192,South Sudan,NA,NA,0.406,0.381,0.391,0.386,0.381,0.381,-2,NA,NA,-0.5282148836727618,NA,Low,SSD
193,Somalia,NA,NA,NA,NA,NA,NA,NA,0.38,NA,NA,NA,NA,NA,Low,SOM
NA,Korea (Democratic People's Rep. of),NA,NA,NA,NA,NA,NA,NA,NA,NA,NA,NA,NA,NA,NA,PRK
NA,Monaco,NA,NA,NA,NA,NA,NA,NA,NA,NA,NA,NA,NA,NA,NA,MCO
NA,Very high human development,0.785,0.8279999999999998,0.87,0.889,0.901,0.895,0.896,0.902,NA,0.5347189116474027,0.49602673218107624,0.3014643961766206,0.43510259167673926,Very High,NA
NA,High human development,0.56,0.626,0.703,0.736,0.76,0.759,0.76,0.764,NA,1.1203654813697561,1.1668200584857624,0.6958338965677545,0.9754486792220352,High,NA
NA,Medium human development,0.443,0.497,0.574,0.615,0.635,0.634,0.63,0.64,NA,1.1568428245740447,1.450817359419676,0.9111154499498397,1.1563167690866072,Medium,NA
NA,Low human development,0.354,0.398,0.473,0.501,0.516,0.515,0.515,0.517,NA,1.1784404578363716,1.7414228351220196,0.7439829526982411,1.1906131666476805,Low,NA
NA,Developing countries,0.513,0.569,0.639,0.672,0.691,0.689,0.688,0.694,NA,1.0414314277956247,1.1669970959285347,0.6904351399585007,0.9488360364017678,Medium,NA
NA,Arab States,0.55,0.615,0.672,0.691,0.709,0.704,0.704,0.704,NA,1.123302081761368,0.8903005355614058,0.3884191966385009,0.7744209908612466,High,NA
NA,East Asia and the Pacific,0.507,0.594,0.689,0.728,0.757,0.76,0.761,0.766,NA,1.5962898817016624,1.4946797805791556,0.886749355890859,1.2979485616128272,High,NA
NA,Europe and Central Asia,0.663,0.68,0.746,0.782,0.802,0.792,0.797,0.802,NA,0.25349884618970364,0.9306317168601864,0.6050145951215891,0.5965649584692923,Very High,NA
NA,Latin America and the Caribbean,0.637,0.686,0.735,0.758,0.768,0.755,0.754,0.763,NA,0.743832513231002,0.6923142059345189,0.31204862850977566,0.5656197964665656,High,NA
NA,South Asia,0.444,0.5,0.574,0.616,0.635,0.635,0.631,0.641,NA,1.194918140252388,1.389781891419184,0.9242455177147725,1.1541245084247589,Medium,NA
NA,Sub-Saharan Africa,0.404,0.429,0.502,0.533,0.549,0.547,0.546,0.549,NA,0.6022265460047471,1.5838439301567586,0.7486075082192567,0.9629933625955767,Low,NA
NA,Least developed countries,0.354,0.408,0.487,0.518,0.54,0.542,0.54,0.542,NA,1.429828251487919,1.7857262728599776,0.8956696490634463,1.3400526917351607,Low,NA
NA,Small island developing states,0.605,0.65,0.694,0.7209999999999999,0.731,0.727,0.722,0.73,NA,0.7200188082414183,0.6571457659309665,0.42232741289152104,0.5886510187186555,High,NA
NA,Organisation for Economic Co-operation and Development,0.796,0.8419999999999999,0.878,0.894,0.905,0.897,0.899,0.906,NA,0.563389386253621,0.4195434235137796,0.2619484236531022,0.4053195825826528,Very High,NA
NA,World,0.601,0.645,0.698,0.724,0.739,0.736,0.735,0.739,NA,0.7090558032690097,0.792814118053875,0.4767898610116061,0.6480375683492801,High,NA
